[
  {
    "id": "03f26447-fe51-4799-930f-c3e9720bbd87",
    "data": [
      {
        "text": "Book an Appointment with Dr. ",
        "userDefined": false
      },
      {
        "text": "Adwait",
        "meta": "@DoctorName",
        "alias": "DoctorName",
        "userDefined": true
      }
    ],
    "isTemplate": false,
    "count": 0,
    "lang": "en",
    "updated": 0
  },
  {
    "id": "6af6262f-226d-42d4-a33f-3795a519afbf",
    "data": [
      {
        "text": "I\u0027d like to arrange an appointment with Dr. ",
        "userDefined": false
      },
      {
        "text": "Ramesh",
        "meta": "@DoctorName",
        "alias": "DoctorName",
        "userDefined": true
      }
    ],
    "isTemplate": false,
    "count": 0,
    "lang": "en",
    "updated": 0
  },
  {
    "id": "ca480ffe-97db-4507-8ad1-d2f0dd54213a",
    "data": [
      {
        "text": "I need to schedule a visit with Dr. ",
        "userDefined": false
      },
      {
        "text": "Adwait",
        "meta": "@DoctorName",
        "alias": "DoctorName",
        "userDefined": true
      }
    ],
    "isTemplate": false,
    "count": 0,
    "lang": "en",
    "updated": 0
  },
  {
    "id": "65c467f3-71fd-4806-b2cb-6f56c8ca150f",
    "data": [
      {
        "text": "I\u0027d like to see Dr. ",
        "userDefined": false
      },
      {
        "text": "John",
        "meta": "@DoctorName",
        "alias": "DoctorName",
        "userDefined": true
      },
      {
        "text": " for an appointment",
        "userDefined": false
      }
    ],
    "isTemplate": false,
    "count": 0,
    "lang": "en",
    "updated": 0
  },
  {
    "id": "321bc99f-c2a1-40fa-a6f3-3998c497bd0b",
    "data": [
      {
        "text": "I\u0027d like to book a consultation with Dr. ",
        "userDefined": false
      },
      {
        "text": "Ramesh",
        "meta": "@DoctorName",
        "alias": "DoctorName",
        "userDefined": true
      }
    ],
    "isTemplate": false,
    "count": 1,
    "lang": "en",
    "updated": 0
  },
  {
    "id": "b90add5a-a25d-48a6-a131-25f76b7760cc",
    "data": [
      {
        "text": "I want to book an appointment with Dr. ",
        "userDefined": false
      },
      {
        "text": "Pranav",
        "meta": "@DoctorName",
        "alias": "DoctorName",
        "userDefined": true
      }
    ],
    "isTemplate": false,
    "count": 0,
    "lang": "en",
    "updated": 0
  }
]