[
  {
    "id": "c3fc50e6-c627-4c0d-9e67-c08b5442c4b3",
    "data": [
      {
        "text": "येथे स्वागत आहे",
        "userDefined": false
      }
    ],
    "isTemplate": false,
    "count": 0,
    "lang": "mr",
    "updated": 0
  },
  {
    "id": "84c63d8e-b0ed-484a-b80c-59fa171788c1",
    "data": [
      {
        "text": "सुस्वागतम",
        "userDefined": false
      }
    ],
    "isTemplate": false,
    "count": 0,
    "lang": "mr",
    "updated": 0
  },
  {
    "id": "353f7f73-e9d0-4f26-9931-31f1523294fe",
    "data": [
      {
        "text": "तुमचे मनापासून स्वागत आहे",
        "userDefined": false
      }
    ],
    "isTemplate": false,
    "count": 0,
    "lang": "mr",
    "updated": 0
  },
  {
    "id": "1adc83d3-20e1-408b-9692-bbba15560257",
    "data": [
      {
        "text": "ही माझ्यासाठी आनंदाची गोष्ट आहे",
        "userDefined": false
      }
    ],
    "isTemplate": false,
    "count": 0,
    "lang": "mr",
    "updated": 0
  },
  {
    "id": "e81cc9d2-d7f6-49f9-b6f0-c123f03dc9ec",
    "data": [
      {
        "text": "नक्कीच स्वागत आहे",
        "userDefined": false
      }
    ],
    "isTemplate": false,
    "count": 0,
    "lang": "mr",
    "updated": 0
  },
  {
    "id": "ca5ac10b-8461-43ca-a3c3-4984d9df9926",
    "data": [
      {
        "text": "माझे सौभाग्य",
        "userDefined": false
      }
    ],
    "isTemplate": false,
    "count": 0,
    "lang": "mr",
    "updated": 0
  },
  {
    "id": "a7a8956c-293f-4c1e-8fbd-5de85d345596",
    "data": [
      {
        "text": "तुमचे स्वागत आहे",
        "userDefined": false
      }
    ],
    "isTemplate": false,
    "count": 0,
    "lang": "mr",
    "updated": 0
  }
]