[
  {
    "id": "e87c798e-242f-4bb6-bd16-11a38266186e",
    "data": [
      {
        "text": "Schedule an appointment at ",
        "userDefined": false
      },
      {
        "text": "4:30",
        "meta": "@sys.time",
        "alias": "time",
        "userDefined": false
      },
      {
        "text": " AM",
        "userDefined": false
      }
    ],
    "isTemplate": false,
    "count": 1,
    "lang": "en",
    "updated": 0
  },
  {
    "id": "83a538e1-e2fe-450c-a3cb-a95bb167cfc2",
    "data": [
      {
        "text": "I want to book an appointment at ",
        "userDefined": false
      },
      {
        "text": "3",
        "meta": "@sys.time",
        "alias": "time",
        "userDefined": false
      },
      {
        "text": " PM",
        "userDefined": false
      }
    ],
    "isTemplate": false,
    "count": 0,
    "lang": "en",
    "updated": 0
  },
  {
    "id": "a8d44c8e-9ec8-4bad-b723-8e5c9be5e9a7",
    "data": [
      {
        "text": "8:30",
        "meta": "@sys.time",
        "alias": "time",
        "userDefined": false
      },
      {
        "text": " AM",
        "userDefined": false
      }
    ],
    "isTemplate": false,
    "count": 0,
    "lang": "en",
    "updated": 0
  },
  {
    "id": "318a456f-9905-4a99-9091-af4fa37d839e",
    "data": [
      {
        "text": "set an appointment for me at ",
        "userDefined": false
      },
      {
        "text": "4",
        "meta": "@sys.time",
        "alias": "time",
        "userDefined": false
      },
      {
        "text": " PM",
        "userDefined": false
      }
    ],
    "isTemplate": false,
    "count": 0,
    "lang": "en",
    "updated": 0
  },
  {
    "id": "854cf668-1a71-4a29-8cce-beb02807c2f4",
    "data": [
      {
        "text": "14:35",
        "meta": "@sys.time",
        "alias": "time",
        "userDefined": false
      },
      {
        "text": " works for me",
        "userDefined": false
      }
    ],
    "isTemplate": false,
    "count": 0,
    "lang": "en",
    "updated": 0
  },
  {
    "id": "70a242f7-ac7a-4699-ad7d-cd210d8983c4",
    "data": [
      {
        "text": "17:30",
        "meta": "@sys.time",
        "alias": "time",
        "userDefined": false
      }
    ],
    "isTemplate": false,
    "count": 0,
    "lang": "en",
    "updated": 0
  },
  {
    "id": "0e8ae5f6-20d7-4ffe-988f-66b787d8f0c2",
    "data": [
      {
        "text": "5:30",
        "meta": "@sys.time",
        "alias": "time",
        "userDefined": false
      },
      {
        "text": " PM",
        "userDefined": false
      }
    ],
    "isTemplate": false,
    "count": 1,
    "lang": "en",
    "updated": 0
  }
]