[
  {
    "id": "4f7782e3-6305-44b9-998f-861ef3705536",
    "data": [
      {
        "text": "I want to book an appointment on ",
        "userDefined": false
      },
      {
        "text": "11/30/2024",
        "meta": "@sys.date",
        "alias": "date",
        "userDefined": false
      },
      {
        "text": ".",
        "userDefined": false
      }
    ],
    "isTemplate": false,
    "count": 0,
    "lang": "en",
    "updated": 0
  },
  {
    "id": "e882025f-5619-4ea7-beb0-55271fff4c07",
    "data": [
      {
        "text": "Pls set an appointment for me on ",
        "userDefined": false
      },
      {
        "text": "2024-04-15",
        "meta": "@sys.date",
        "alias": "date",
        "userDefined": false
      }
    ],
    "isTemplate": false,
    "count": 0,
    "lang": "en",
    "updated": 0
  },
  {
    "id": "bbb615a8-5bbc-4b16-b415-382a93189686",
    "data": [
      {
        "text": "Book an appointment on ",
        "userDefined": false
      },
      {
        "text": "December 5th,2024",
        "meta": "@sys.date",
        "alias": "date",
        "userDefined": false
      }
    ],
    "isTemplate": false,
    "count": 0,
    "lang": "en",
    "updated": 0
  },
  {
    "id": "1ded9eec-ab6f-45ed-95aa-f2c870569d53",
    "data": [
      {
        "text": "Schedule my visit for ",
        "userDefined": false
      },
      {
        "text": "2024-11-25",
        "meta": "@sys.date",
        "alias": "date",
        "userDefined": false
      }
    ],
    "isTemplate": false,
    "count": 0,
    "lang": "en",
    "updated": 0
  },
  {
    "id": "029f7221-7656-4954-8ea4-917695fcf250",
    "data": [
      {
        "text": "2024-11-25",
        "meta": "@sys.date",
        "alias": "date",
        "userDefined": false
      }
    ],
    "isTemplate": false,
    "count": 0,
    "lang": "en",
    "updated": 0
  },
  {
    "id": "5423f5f0-bb5f-448d-a9ad-f85adb30367e",
    "data": [
      {
        "text": "May 2nd 2023",
        "meta": "@sys.date",
        "alias": "date",
        "userDefined": false
      }
    ],
    "isTemplate": false,
    "count": 0,
    "lang": "en",
    "updated": 0
  },
  {
    "id": "1275856a-d7cb-45e2-b058-feb688364292",
    "data": [
      {
        "text": "Second May 2025",
        "meta": "@sys.date",
        "alias": "date",
        "userDefined": false
      }
    ],
    "isTemplate": false,
    "count": 0,
    "lang": "en",
    "updated": 0
  },
  {
    "id": "f2e15b1a-ac61-4c27-afe3-a0a102163fea",
    "data": [
      {
        "text": "May second 2025",
        "meta": "@sys.date",
        "alias": "date",
        "userDefined": true
      }
    ],
    "isTemplate": false,
    "count": 0,
    "lang": "en",
    "updated": 0
  },
  {
    "id": "67ebab0c-ed36-43b7-9505-991c6f943211",
    "data": [
      {
        "text": "2025-05-02",
        "meta": "@sys.date",
        "alias": "date",
        "userDefined": false
      }
    ],
    "isTemplate": false,
    "count": 0,
    "lang": "en",
    "updated": 0
  }
]