[
  {
    "id": "314fe5ad-c331-4df9-af68-efaa6e42e298",
    "data": [
      {
        "text": "Open the ",
        "userDefined": false
      },
      {
        "text": "scanner",
        "meta": "@Page",
        "alias": "Page",
        "userDefined": true
      }
    ],
    "isTemplate": false,
    "count": 0,
    "lang": "en",
    "updated": 0
  },
  {
    "id": "b2bcc253-8fcb-40a4-98a8-646e71d53827",
    "data": [
      {
        "text": "Let\u0027s go to my ",
        "userDefined": false
      },
      {
        "text": "appointment list",
        "meta": "@Page",
        "alias": "Page",
        "userDefined": false
      }
    ],
    "isTemplate": false,
    "count": 0,
    "lang": "en",
    "updated": 0
  },
  {
    "id": "132fd27d-44f7-4a58-953d-1c1dba2d896f",
    "data": [
      {
        "text": "Show my ",
        "userDefined": false
      },
      {
        "text": "profile",
        "meta": "@Page",
        "alias": "Page",
        "userDefined": false
      }
    ],
    "isTemplate": false,
    "count": 0,
    "lang": "en",
    "updated": 0
  },
  {
    "id": "bfaa4615-fe33-4a7b-86a5-0883616830a7",
    "data": [
      {
        "text": "Navigate to ",
        "userDefined": false
      },
      {
        "text": "my patients",
        "meta": "@Page",
        "alias": "Page",
        "userDefined": false
      }
    ],
    "isTemplate": false,
    "count": 0,
    "lang": "en",
    "updated": 0
  },
  {
    "id": "500ce929-b171-4cd6-a96a-9d68556b7bbe",
    "data": [
      {
        "text": "Take me to the ",
        "userDefined": false
      },
      {
        "text": "scheduler",
        "meta": "@Page",
        "alias": "Page",
        "userDefined": false
      }
    ],
    "isTemplate": false,
    "count": 0,
    "lang": "en",
    "updated": 0
  },
  {
    "id": "dd6a9351-40b9-4775-a734-b3a7ee0a3cce",
    "data": [
      {
        "text": "Open my ",
        "userDefined": false
      },
      {
        "text": "schedule manager",
        "meta": "@Page",
        "alias": "Page",
        "userDefined": false
      }
    ],
    "isTemplate": false,
    "count": 0,
    "lang": "en",
    "updated": 0
  },
  {
    "id": "b0ca1143-ad5b-4c48-8781-ef8fc38200ac",
    "data": [
      {
        "text": "Go to my ",
        "userDefined": false
      },
      {
        "text": "profile",
        "meta": "@Page",
        "alias": "Page",
        "userDefined": false
      }
    ],
    "isTemplate": false,
    "count": 0,
    "lang": "en",
    "updated": 0
  },
  {
    "id": "90776cf0-629e-4162-a151-c38d6f43cfeb",
    "data": [
      {
        "text": "Navigate to the ",
        "userDefined": false
      },
      {
        "text": "signup",
        "meta": "@Page",
        "alias": "Page",
        "userDefined": true
      },
      {
        "text": " page",
        "userDefined": false
      }
    ],
    "isTemplate": false,
    "count": 0,
    "lang": "en",
    "updated": 0
  },
  {
    "id": "4625b067-f787-45f9-9d23-4094257d0f03",
    "data": [
      {
        "text": "I want to visit the ",
        "userDefined": false
      },
      {
        "text": "home",
        "meta": "@Page",
        "alias": "Page",
        "userDefined": true
      },
      {
        "text": " page",
        "userDefined": false
      }
    ],
    "isTemplate": false,
    "count": 0,
    "lang": "en",
    "updated": 0
  },
  {
    "id": "5c64e8af-8a3d-4699-b5bd-2f9ffd5cc99b",
    "data": [
      {
        "text": "Take me to the ",
        "userDefined": false
      },
      {
        "text": "about us",
        "meta": "@Page",
        "alias": "Page",
        "userDefined": true
      },
      {
        "text": " page",
        "userDefined": false
      }
    ],
    "isTemplate": false,
    "count": 0,
    "lang": "en",
    "updated": 0
  }
]