[
  {
    "value": "home",
    "synonyms": [
      "home",
      "main"
    ]
  },
  {
    "value": "about_us",
    "synonyms": [
      "about_us",
      "about",
      "about us",
      "info"
    ]
  },
  {
    "value": "signup",
    "synonyms": [
      "signup",
      "sign up",
      "register",
      "create account"
    ]
  },
  {
    "value": "login",
    "synonyms": [
      "login",
      "sign in"
    ]
  },
  {
    "value": "my_patients",
    "synonyms": [
      "my_patients",
      "my patients",
      "patients"
    ]
  },
  {
    "value": "schedule_manager",
    "synonyms": [
      "scheduler",
      "manage schedule",
      "schedule manager",
      "schedule"
    ]
  },
  {
    "value": "profile",
    "synonyms": [
      "profile",
      "personal details"
    ]
  },
  {
    "value": "appointments",
    "synonyms": [
      "appointments",
      "appointments list",
      "appointment dashboard"
    ]
  },
  {
    "value": "scanner",
    "synonyms": [
      "scanner",
      "qr scanner",
      "scan qr",
      "qr code"
    ]
  }
]